Sample	Seqname	POS_A2058G	POS_A2059G	VariantPresent_A2058G	VariantPresent_A2059G	REF_A2058G	REF_A2059G	ALT_A2058G	ALT_A2059G	DP_A2058G	DP_A2059G	AltPerc_A2058G	AltPerc_A2059G
UW298B	24141_3#11.Treponema.ds2500000-reads	6389	6390	No	No	A	A	G	G	1435	1426	1.7458100558659218	1.3342696629213482
PHE140073A	27455_4#10.Treponema.ds2500000-reads	6389	6390	No	No	A	A	.	.	110	110	0.0	0.0
R3-SAL-007	29007_2#4-cat	6389	6390	No	No	A	A	.	.	86	87	0.0	0.0
PHE130047A	27455_4#6.Treponema.ds2500000-reads	6389	6390	Yes	No	A	A	G	.	48	49	100.0	0.0
CZ27	SRR3268685.Treponema.ds2191278-reads	6389	6390	No	No	A	A	.	G	299	287	0.0	0.0
TPA_USL-Haiti-B	31818_2#24.Treponema.ds2500000-reads	6389	6390	No	No	A	A	.	.	441	443	0.0	0.0
TPA_USL-SEA-86-1	31818_2#23.Treponema.ds2500000-reads	6389	6390	No	No	A	A	.	.	168	168	0.0	0.0
PT_SIF1142	SRR3584839.Treponema.ds280471-reads	6389	6390	Yes	No	A	A	G	.	123	123	100.0	0.0
PHE150179A	27455_7#15.Treponema.ds2110956-reads	6389	6390	Yes	No	A	A	G	.	46	46	100.0	0.0
TPP_LIB013	31818_1#25.Treponema.ds2500000-reads	6389	6390	No	No	A	A	G	.	174	172	0.0	0.0
PHE150121A	27455_1#4.Treponema.ds2500000-reads	6389	6390	Yes	No	A	A	G	.	127	127	100.0	0.0
PHE150113A	27455_5#8.Treponema.ds2500000-reads	6389	6390	Yes	No	A	A	G	.	51	51	100.0	0.0
TPA_ZIM009	31822_2#22.Treponema.ds1357976-reads	6389	6390	No	No	A	A	.	.	57	59	0.0	0.0
R5-SAM-001	27455_1#35.Treponema.ds1996686-reads	6389	6390	No	No	A	A	.	.	80	80	0.0	0.0
TPP_GHA009	31818_1#30.Treponema.ds2500000-reads	6389	6390	No	No	A	A	.	.	616	626	0.0	0.0
TPP_GHA112	31822_1#12.Treponema.ds1616636-reads	6389	6390	No	No	A	A	.	.	57	59	0.0	0.0
TPA_BCC108	31818_5#23.Treponema.ds2500000-reads	6389	6390	Yes	No	A	A	G	.	94	93	100.0	0.0
TPP_GHA016	31963_2#31.Treponema.ds1611484-reads	6389	6390	No	No	A	A	.	.	169	167	0.0	0.0
UW147B	24141_6#14.Treponema.ds2500000-reads	6389	6390	No	No	A	A	G	G	1412	1413	0.0	0.7087172218284904
PHE120030A	27455_8#3.Treponema.ds2500000-reads	6389	6390	No	No	A	A	.	.	64	64	0.0	0.0
TPA_BCC130	31818_2#4.Treponema.ds2500000-reads	6389	6390	Yes	No	A	A	G	.	155	159	100.0	0.0
TPA_BCC036	31818_5#18.Treponema.ds1714371-reads	6389	6390	No	No	A	A	.	.	81	82	0.0	0.0
TPA_ZIM015	31822_1#27.Treponema.ds1418347-reads	6389	6390	No	No	A	A	G	.	86	86	0.0	0.0
TPA_BCC125	31818_6#7.Treponema.ds1150195-reads	6389	6390	Yes	No	A	A	G	.	60	61	100.0	0.0
SS14_v2	NC_021508.1	6389	6390	Yes	No	A	A	G	.	96	96	100.0	0.0
TPA_BCC140	31818_6#13.Treponema.ds1530595-reads	6389	6390	Yes	No	A	A	G	.	80	79	100.0	0.0
PHE160276A	29007_2#7.Treponema.ds2500000-reads	6389	6390	Yes	No	A	A	G	.	34	35	100.0	0.0
TPA_BCC163	31818_1#19.Treponema.ds2500000-reads	6389	6390	Yes	No	A	A	G	.	224	226	100.0	0.0
PHE160198A	27455_3#15.Treponema.ds2500000-reads	6389	6390	Yes	No	A	A	G	.	144	143	100.0	0.0
TPA_EIR013	31818_5#31.Treponema.ds2373703-reads	6389	6390	Yes	No	A	A	G	.	98	98	100.0	0.0
TPP_GHA145	31822_1#17.Treponema.ds1477582-reads	6389	6390	No	No	A	A	.	.	65	65	0.0	0.0
PHE170349A	27455_1#25.Treponema.ds2500000-reads	6389	6390	Yes	No	A	A	G	.	138	137	100.0	0.0
TPA_UKBRG015	31818_6#29.Treponema.ds1041016-reads	6389	6390	Yes	No	A	A	G	.	58	58	100.0	0.0
TPA_BCC106	31818_3#11.Treponema.ds2500000-reads	6389	6390	Yes	No	A	A	G	.	161	161	100.0	0.0
TPP_GHA149	31822_1#15.Treponema.ds966760-reads	6389	6390	No	No	A	A	.	.	43	44	0.0	0.0
TPA_ESBCN002	31818_5#26.Treponema.ds1048322-reads	6389	6390	Yes	No	A	A	G	.	24	24	100.0	0.0
R4-ZUE-021	29007_2#19-cat	6389	6390	No	No	A	A	.	.	38	38	0.0	0.0
TPA_ALC053	31818_6#4.Treponema.ds914046-reads	6389	6390	Yes	No	A	A	G	.	51	51	100.0	0.0
TPA_BCC058	31818_5#1.Treponema.ds1548341-reads	6389	6390	No	No	A	A	.	.	76	74	0.0	0.0
TPP_LIB004	31963_2#28.Treponema.ds2500000-reads	6389	6390	No	No	A	A	.	.	282	279	0.0	0.0
TPP_GHA124	31818_4#11.Treponema.ds1456352-reads	6389	6390	No	No	A	A	.	.	47	48	0.0	0.0
PHE130051A	27847_1#2.Treponema.ds2173255-reads	6389	6390	Yes	No	A	A	G	.	29	31	100.0	0.0
TPA_BCC191	31818_6#26.Treponema.ds838203-reads	6389	6390	Yes	No	A	A	G	.	37	36	100.0	0.0
PHE160245A	27455_5#20.Treponema.ds2500000-reads	6389	6390	Yes	No	A	A	G	.	33	33	100.0	0.0
SHE_V	SRR2996726.Treponema.ds1117177-reads	6389	6390	Yes	No	A	A	G	.	587	586	100.0	0.0
TPA_BCC061	31818_1#1.Treponema.ds2500000-reads	6389	6390	Yes	No	A	A	G	.	430	431	100.0	0.0
UW473B	24141_5#15.Treponema.ds2500000-reads	6389	6390	No	No	A	A	G	G	1381	1381	98.7121212121212	0.6766917293233082
PHE150161A	27455_5#12.Treponema.ds2500000-reads	6389	6390	Yes	No	A	A	G	.	82	82	100.0	0.0
TPA_ZIM014	31818_4#25.Treponema.ds860109-reads	6389	6390	No	No	A	A	.	.	48	48	0.0	0.0
PT_SIF0697	SRR3571774.Treponema.ds281646-reads	6389	6390	No	No	A	A	G	.	219	220	0.0	0.0
UW257B	24141_5#12.Treponema.ds2500000-reads	6389	6390	No	No	A	A	G	G	1541	1541	1.4304291287386215	0.6506180871828237
PHE120027A	27455_6#2.Treponema.ds2267554-reads	6389	6390	Yes	No	A	A	G	.	35	35	100.0	0.0
TPP_GHA015	31963_2#29.Treponema.ds2500000-reads	6389	6390	No	No	A	A	.	.	400	402	0.0	0.0
TPP_GHA116	31818_4#8.Treponema.ds1337068-reads	6389	6390	No	No	A	A	.	.	76	73	0.0	0.0
TPA_BCC049	31818_1#9.Treponema.ds2500000-reads	6389	6390	Yes	No	A	A	G	.	232	238	100.0	0.0
PHE140455A	29007_2#10.Treponema.ds2500000-reads	6389	6390	Yes	No	A	A	G	.	29	29	100.0	0.0
R7-KUN2-001	27455_1#38.Treponema.ds2500000-reads	6389	6390	No	No	A	A	.	.	93	93	0.0	0.0
PHE160240A	27455_2#17.Treponema.ds2500000-reads	6389	6390	Yes	No	A	A	G	.	96	96	100.0	0.0
TPP_GHA012	31818_1#28.Treponema.ds2500000-reads	6389	6390	No	No	A	A	.	.	710	709	0.0	0.0
TPP_GHA110	31822_1#10.Treponema.ds1331097-reads	6389	6390	No	No	A	A	.	.	55	55	0.0	0.0
BAL3	SRR3268715.Treponema.ds810142-reads	6389	6390	No	No	A	A	.	.	440	443	0.0	0.0
TPA_ZIM024	31822_2#26.Treponema.ds2390007-reads	6389	6390	No	No	A	A	.	.	59	59	0.0	0.0
PHE160259A	27455_2#19.Treponema.ds2500000-reads	6389	6390	Yes	No	A	A	G	.	107	109	100.0	0.0
TPA_BCC005	31822_1#1.Treponema.ds1544709-reads	6389	6390	No	No	A	A	.	.	59	59	0.0	0.0
PHE150114A	27455_2#6.Treponema.ds2500000-reads	6389	6390	Yes	No	A	A	G	.	54	55	100.0	0.0
PHE150123A	27455_7#10.Treponema.ds2276873-reads	6389	6390	Yes	No	A	A	G	.	44	43	100.0	0.0
PHE160265A	29007_3#5.Treponema.ds2500000-reads	6389	6390	Yes	No	A	A	G	.	47	47	100.0	0.0
TPA_BCC136	31818_1#14.Treponema.ds1297850-reads	6389	6390	Yes	No	A	A	G	.	72	71	100.0	0.0
PHE160246A	29007_3#4.Treponema.ds2500000-reads	6389	6390	Yes	No	A	A	G	.	44	45	100.0	0.0
PHE170343A	27455_3#32.Treponema.ds2500000-reads	6389	6390	Yes	No	A	A	G	.	71	71	100.0	0.0
PHE170355A	27455_4#33.Treponema.ds2500000-reads	6389	6390	Yes	No	A	A	G	.	76	80	100.0	0.0
PHE160215A	27455_4#22.Treponema.ds2500000-reads	6389	6390	Yes	No	A	A	G	.	62	61	100.0	0.0
PHE150177A	27455_3#13.Treponema.ds2500000-reads	6389	6390	Yes	No	A	A	G	.	78	78	100.0	0.0
PHE160262A	27455_2#20.Treponema.ds2500000-reads	6389	6390	Yes	No	A	A	G	.	104	105	100.0	0.0
NL11	22931_6#6.Treponema.ds2500000-reads	6389	6390	Yes	No	A	A	G	.	143	143	100.0	0.0
PHE120032A	27455_7#3.Treponema.ds2500000-reads	6389	6390	Yes	No	A	A	G	.	35	36	100.0	0.0
Seattle_81-4	15169_7#74.Treponema.ds2500000-reads	6389	6390	No	No	A	A	.	G	387	383	0.0	0.0
UW155B	24141_8#2.Treponema.ds2500000-reads	6389	6390	No	No	A	A	C	.	855	856	0.0	0.0
UW478B	24141_8#4.Treponema.ds1714456-reads	6389	6390	No	No	A	A	G	G	106	107	0.0	0.0
TPA_USL-BAL-7	31963_2#12.Treponema.ds2500000-reads	6389	6390	No	No	A	A	.	.	392	394	0.0	0.0
TPA_BCC143	31818_6#14.Treponema.ds1425049-reads	6389	6390	Yes	No	A	A	G	.	60	60	100.0	0.0
UW370B	24141_3#16.Treponema.ds2500000-reads	6389	6390	No	No	A	A	G	G	1529	1524	1.2760241773002015	96.47457627118644
TPA_BCC161	31818_6#19.Treponema.ds779083-reads	6389	6390	No	Yes	A	A	.	G	20	20	0.0	100.0
TPA_ESBCN005	31822_1#19.Treponema.ds1596910-reads	6389	6390	Yes	No	A	A	G	.	64	64	100.0	0.0
UW262B	24141_4#11.Treponema.ds2500000-reads	6389	6390	No	No	A	A	G	G	1168	1168	96.05734767025089	2.3090586145648313
TPA_UKBRG012	31818_4#1.Treponema.ds2500000-reads	6389	6390	Yes	No	A	A	G	.	133	130	100.0	0.0
PHE170407A	27455_1#31.Treponema.ds2500000-reads	6389	6390	Yes	No	A	A	G	.	125	128	100.0	0.0
TPP_GHA166	31963_2#21.Treponema.ds2500000-reads	6389	6390	No	No	A	A	.	.	265	266	0.0	0.0
TPA_ZIM025	31818_3#31.Treponema.ds2321164-reads	6389	6390	No	No	A	A	.	.	113	113	0.0	0.0
PHE160234A	27455_4#24.Treponema.ds2500000-reads	6389	6390	Yes	No	A	A	G	.	59	59	100.0	0.0
TPP_PNGM_17-19	31818_4#20.Treponema.ds1155518-reads	6389	6390	No	No	A	A	.	.	44	44	0.0	0.0
UW823B	24141_5#7.Treponema.ds2500000-reads	6389	6390	No	No	A	A	G	G	1471	1474	98.94217207334273	0.6298110566829951
TPA_BCC075	31818_1#2.Treponema.ds2500000-reads	6389	6390	Yes	No	A	A	G	.	279	283	100.0	0.0
UW186B	24141_5#17.Treponema.ds2500000-reads	6389	6390	No	No	A	A	G	G	1260	1250	1.5384615384615385	98.18631492168178
TPA_UKLEE004	31818_4#19.Treponema.ds2500000-reads	6389	6390	Yes	No	A	A	G	.	201	205	100.0	0.0
PHE170374A	27455_1#27.Treponema.ds2500000-reads	6389	6390	Yes	No	A	A	G	.	86	89	100.0	0.0
AU16	SRR3268723.Treponema.ds2077609-reads	6389	6390	Yes	No	A	A	G	.	398	393	100.0	0.0
TPA_ALC015	31822_1#6.Treponema.ds2431970-reads	6389	6390	Yes	No	A	A	G	.	73	73	100.0	0.0
R2-106190	27455_1#39.Treponema.ds1964426-reads	6389	6390	No	No	A	A	.	.	38	38	0.0	0.0
PHE170329A	27455_3#30.Treponema.ds2500000-reads	6389	6390	Yes	No	A	A	G	.	162	161	100.0	0.0
TPA_BCC142	31818_1#16.Treponema.ds776110-reads	6389	6390	Yes	No	A	A	G	.	36	36	100.0	0.0
TPP_LIB012	31818_2#28.Treponema.ds2500000-reads	6389	6390	No	No	A	A	C	.	180	180	0.0	0.0
TPA_USL-SEA-87-1	31818_5#30.Treponema.ds2500000-reads	6389	6390	No	No	A	A	.	.	201	201	0.0	0.0
TPA_BCC195	31818_6#28.Treponema.ds936353-reads	6389	6390	Yes	No	A	A	G	.	47	47	100.0	0.0
TPA_BCC185	31818_3#26.Treponema.ds2500000-reads	6389	6390	Yes	No	A	A	G	.	184	183	100.0	0.0
PT_SIF0877_3	SRR3571775.Treponema.ds572707-reads	6389	6390	Yes	No	A	A	G	C	424	424	97.54299754299754	0.0
PHE150130A	27455_4#11.Treponema.ds2500000-reads	6389	6390	Yes	No	A	A	G	.	103	103	100.0	0.0
UW215B	24141_7#10.Treponema.ds2500000-reads	6389	6390	No	No	A	A	G	G	1234	1231	0.0	100.0
TPP_GHA005	31818_2#32.Treponema.ds2500000-reads	6389	6390	No	No	A	A	.	.	312	312	0.0	0.0
PHE170345A	27455_5#33.Treponema.ds2500000-reads	6389	6390	Yes	No	A	A	G	.	70	71	100.0	0.0
PT_SIF1280	SRR3584882.Treponema.ds2500000-reads	6389	6390	Yes	No	A	A	G	T	738	745	100.0	0.0
TPA_BCC153	31818_6#18.Treponema.ds1597921-reads	6389	6390	Yes	No	A	A	G	.	67	65	100.0	0.0
TPP_GHA141	31963_2#22.Treponema.ds2500000-reads	6389	6390	No	No	A	A	.	.	699	695	0.0	0.0
SHC_0	SRR2996724.Treponema.ds2500000-reads	6389	6390	Yes	No	A	A	G	.	1307	1304	100.0	0.0
PHE150163A	27455_4#20.Treponema.ds2500000-reads	6389	6390	Yes	No	A	A	G	.	51	51	100.0	0.0
CP0495	19444_8#14.Treponema.ds2033782-reads	6389	6390	No	No	A	A	.	.	63	64	0.0	0.0
PHE150122A	27455_5#11.Treponema.ds2500000-reads	6389	6390	Yes	No	A	A	G	.	63	63	100.0	0.0
PHE160199A	27455_5#16.Treponema.ds2500000-reads	6389	6390	Yes	No	A	A	G	.	53	53	100.0	0.0
PHE130046A	27455_6#6.Treponema.ds2221021-reads	6389	6390	Yes	No	A	A	G	.	30	30	100.0	0.0
SW8	SRR3268736.Treponema.ds906419-reads	6389	6390	Yes	No	A	A	G	.	83	83	100.0	0.0
PHE150110A	27455_3#10.Treponema.ds2500000-reads	6389	6390	Yes	No	A	A	G	.	80	83	100.0	0.0
TPA_BCC088	31963_2#8.Treponema.ds2500000-reads	6389	6390	Yes	No	A	A	G	.	238	238	100.0	0.0
TPP_LIB017	31818_2#26.Treponema.ds2500000-reads	6389	6390	No	No	A	A	.	.	196	196	0.0	0.0
TPA_BCC023	31818_1#8.Treponema.ds2494170-reads	6389	6390	No	No	A	A	.	.	157	158	0.0	0.0
PHE150137A	27455_4#13.Treponema.ds2500000-reads	6389	6390	No	Yes	A	A	.	G	162	161	0.0	100.0
TPP_GHA013	31818_2#30.Treponema.ds2500000-reads	6389	6390	No	No	A	A	.	.	175	177	0.0	0.0
TPA_BCC165	31822_1#5.Treponema.ds2500000-reads	6389	6390	No	Yes	A	A	.	G	331	333	0.0	100.0
UW391B	24141_4#15.Treponema.ds2500000-reads	6389	6390	No	No	A	A	G	G	1361	1361	97.7571539056458	1.2987012987012987
PHE150175A	27455_5#14.Treponema.ds2500000-reads	6389	6390	Yes	No	A	A	G	.	41	41	100.0	0.0
PHE160203A	27455_2#14.Treponema.ds2500000-reads	6389	6390	Yes	No	A	A	G	.	134	133	100.0	0.0
TPA_BCC111	31822_1#4.Treponema.ds2500000-reads	6389	6390	Yes	No	A	A	G	.	376	378	100.0	0.0
TPA_BCC009	31822_1#2.Treponema.ds2500000-reads	6389	6390	No	No	A	A	.	.	234	235	0.0	0.0
TPA_BCC044	31822_2#3.Treponema.ds1973773-reads	6389	6390	No	No	A	A	.	.	72	74	0.0	0.0
CW87	SRR8501170.ds1033042-reads	6389	6390	Yes	No	A	A	G	.	50	50	100.0	0.0
PHE160290A	29007_2#8.Treponema.ds2500000-reads	6389	6390	Yes	No	A	A	G	.	46	45	100.0	0.0
UW093B	24141_7#12.Treponema.ds2500000-reads	6389	6390	No	No	A	A	G	G	818	810	0.0	0.0
TPA_USL-Phil-2	31963_2#16.Treponema.ds2500000-reads	6389	6390	No	No	A	A	.	.	612	611	0.0	0.0
Kampung_Dalan_K363	NZ_CP024088.1	6389	6390	No	No	A	A	.	.	98	100	0.0	0.0
PHE170370A	27455_7#32.Treponema.ds2500000-reads	6389	6390	Yes	No	A	A	G	.	122	125	100.0	0.0
PHE160249A	27455_1#11.Treponema.ds2500000-reads	6389	6390	No	No	A	A	G	.	414	414	0.0	0.0
PHE170378A	27455_5#36.Treponema.ds2500000-reads	6389	6390	Yes	No	A	A	G	.	47	47	100.0	0.0
TPP_LIB008	31963_2#25.Treponema.ds2500000-reads	6389	6390	No	No	A	A	.	.	882	880	0.0	0.0
PHE150118A	29007_3#3.Treponema.ds2500000-reads	6389	6390	Yes	No	A	A	G	.	37	37	100.0	0.0
PHE170333A	27455_1#23.Treponema.ds2500000-reads	6389	6390	No	No	A	A	G	.	88	87	100.0	0.0
PHE170381A	27455_1#28.Treponema.ds2500000-reads	6389	6390	Yes	No	A	A	G	.	135	136	100.0	0.0
TPA_BCC198	31818_2#13.Treponema.ds1580416-reads	6389	6390	Yes	No	A	A	G	.	93	95	100.0	0.0
PHE170411A	27455_4#38.Treponema.ds2206004-reads	6389	6390	Yes	No	A	A	G	.	26	26	100.0	0.0
TPA_SA006	31822_1#28.Treponema.ds2460254-reads	6389	6390	No	No	A	A	.	.	126	128	0.0	0.0
TPA_BCC197	31818_3#28.Treponema.ds2134470-reads	6389	6390	Yes	No	A	A	G	.	109	108	100.0	0.0
TPA_BCC129	31818_6#9.Treponema.ds1320140-reads	6389	6390	Yes	No	A	A	G	.	53	56	100.0	0.0
CW82	SRR8501167.ds2500000-reads	6389	6390	No	No	A	A	.	.	111	111	0.0	0.0
UW104B	24141_8#12.Treponema.ds2500000-reads	6389	6390	No	No	A	A	.	.	221	223	0.0	0.0
UW259B	24141_7#17.Treponema.ds2500000-reads	6389	6390	No	No	A	A	G	.	776	775	100.0	0.0
TPA_OMI033	33027_7#30.Treponema.ds2500000-reads	6389	6390	Yes	No	A	A	G	.	47	45	100.0	0.0
TPP_GHA006	31963_2#30.Treponema.ds1879748-reads	6389	6390	No	No	A	A	.	.	181	181	0.0	0.0
TPA_BCC187	31818_1#21.Treponema.ds2500000-reads	6389	6390	Yes	No	A	A	G	.	273	267	100.0	0.0
UW368B	24141_6#8.Treponema.ds2500000-reads	6389	6390	No	No	A	A	G	G	1460	1451	0.0	0.4824259131633356
PT_SIF1261	SRR3584875.Treponema.ds1968237-reads	6389	6390	Yes	No	A	A	G	T	754	761	99.02912621359224	0.0
TPP_PNGM_19-20	31822_1#24.Treponema.ds1413611-reads	6389	6390	No	No	A	A	.	.	63	61	0.0	0.0
TPA_UKBRG004	31822_1#7.Treponema.ds2500000-reads	6389	6390	No	No	A	A	G	.	247	248	100.0	0.0
TPA_USL-Phil-3	31818_2#25.Treponema.ds2500000-reads	6389	6390	No	No	A	A	.	.	515	514	0.0	0.0
TPA_UKMAN019	31818_4#14.Treponema.ds2500000-reads	6389	6390	No	No	A	A	G	.	378	375	100.0	0.0
UW231B	24141_7#6.Treponema.ds2500000-reads	6389	6390	No	Yes	A	A	G	G	1127	1124	0.0	100.0
PHE130040A	27455_1#1.Treponema.ds2500000-reads	6389	6390	Yes	No	A	A	G	.	583	589	100.0	0.0
CW86	SRR8501171.ds2230553-reads	6389	6390	No	No	A	A	G	.	64	64	19.047619047619047	0.0
PHE130043A	27455_2#4.Treponema.ds2500000-reads	6389	6390	No	No	A	A	.	.	125	125	0.0	0.0
SW6	SRR3268732.Treponema.ds301291-reads	6389	6390	Yes	No	A	A	G	.	39	39	100.0	0.0
TPP_GHA134	31963_2#20.Treponema.ds2500000-reads	6389	6390	No	No	A	A	.	.	666	669	0.0	0.0
PHE170372A	27455_1#26.Treponema.ds2500000-reads	6389	6390	Yes	No	A	A	G	.	32	32	100.0	0.0
PHE140095A	27455_3#8.Treponema.ds2500000-reads	6389	6390	Yes	No	A	A	G	.	83	84	100.0	0.0
Q3	SRR2996732.Treponema.ds2500000-reads	6389	6390	Yes	No	A	A	G	.	1359	1359	100.0	0.0
UW228B	24141_6#5.Treponema.ds2500000-reads	6389	6390	No	No	A	A	G	G	1369	1377	0.0	99.5505617977528
PHE170380A	27455_3#38.Treponema.ds2500000-reads	6389	6390	Yes	No	A	A	G	.	107	106	100.0	0.0
PHE140105A	27455_7#9.Treponema.ds2500000-reads	6389	6390	Yes	No	A	A	G	.	23	23	100.0	0.0
BosniaA	NZ_CP007548.1	6389	6390	No	No	A	A	.	.	91	92	0.0	0.0
TPA_BCC052	31818_5#19.Treponema.ds1736478-reads	6389	6390	Yes	No	A	A	G	.	73	70	100.0	0.0
TPA_BCC038	31818_3#19.Treponema.ds979722-reads	6389	6390	No	No	A	A	.	.	31	31	0.0	0.0
LMNP-1	LMNP-1--cat.Treponema.ds547120-reads	6389	6390	No	No	A	A	.	.	82	83	0.0	0.0
PHE160243A	27455_1#10.Treponema.ds2500000-reads	6389	6390	Yes	No	A	A	G	.	69	69	100.0	0.0
R2-SR-001B	27455_1#33.Treponema.ds2500000-reads	6389	6390	No	No	A	A	.	.	61	62	0.0	0.0
TPA_ZIM008	31822_1#26.Treponema.ds1515901-reads	6389	6390	No	No	A	A	.	.	47	47	0.0	0.0
TPA_ALC126	33027_5#12.Treponema.ds2500000-reads	6389	6390	Yes	No	A	A	G	.	23	24	100.0	0.0
PHE170356A	27455_3#35.Treponema.ds2500000-reads	6389	6390	Yes	No	A	A	G	.	105	105	100.0	0.0
PHE130064A	27455_3#6.Treponema.ds2500000-reads	6389	6390	Yes	No	A	A	G	.	140	140	100.0	0.0
UW140B	24141_5#16.Treponema.ds2500000-reads	6389	6390	No	No	A	A	G	G	1566	1566	2.245028864656831	0.8957133717210494
TPA_BCC139	31818_1#15.Treponema.ds2500000-reads	6389	6390	Yes	No	A	A	G	.	149	146	100.0	0.0
PHE120021A	27455_3#2.Treponema.ds2500000-reads	6389	6390	Yes	No	A	A	G	.	75	75	100.0	0.0
TPA_ZIM005	31818_4#24.Treponema.ds2374474-reads	6389	6390	No	No	A	A	.	.	100	100	0.0	0.0
PHE130039A	27455_3#4.Treponema.ds2500000-reads	6389	6390	Yes	No	A	A	G	.	110	111	100.0	0.0
PHE160271A	29007_3#17.Treponema.ds2500000-reads	6389	6390	Yes	No	A	A	G	.	49	47	100.0	0.0
TPA_BCC135	31818_6#10.Treponema.ds946743-reads	6389	6390	Yes	No	A	A	G	C	45	46	100.0	0.0
PHE160312A	27455_2#28.Treponema.ds2500000-reads	6389	6390	Yes	No	A	A	G	.	91	92	100.0	0.0
PHE160268A	27455_3#21.Treponema.ds1948551-reads	6389	6390	Yes	No	A	A	G	.	34	33	100.0	0.0
PHE170408A	27455_2#36.Treponema.ds2500000-reads	6389	6390	Yes	No	A	A	G	.	147	147	100.0	0.0
PHE160602A	29007_3#10.Treponema.ds2500000-reads	6389	6390	No	No	A	A	G	.	43	42	100.0	0.0
PT_SIF1167	SRR3584841.Treponema.ds482744-reads	6389	6390	No	No	A	A	G	.	248	247	0.0	0.0
PHE160306A	29007_2#9.Treponema.ds2500000-reads	6389	6390	Yes	No	A	A	G	.	47	48	100.0	0.0
PHE170362A	27455_7#30.Treponema.ds2158791-reads	6389	6390	Yes	No	A	A	G	.	22	22	100.0	0.0
PHE170373A	27455_6#35.Treponema.ds2500000-reads	6389	6390	Yes	No	A	A	G	.	37	38	100.0	0.0
TPP_PNGM_19-27	31818_4#23.Treponema.ds1230537-reads	6389	6390	No	No	A	A	.	.	68	68	0.0	0.0
TPP_GHA156	31818_1#24.Treponema.ds2188120-reads	6389	6390	No	No	A	A	.	.	104	106	0.0	0.0
TPA_USL-SEA-83-1	31818_2#21.Treponema.ds2500000-reads	6389	6390	No	No	A	A	.	.	403	402	0.0	0.0
TPA_BCC128	31818_6#8.Treponema.ds1374311-reads	6389	6390	Yes	No	A	A	G	.	63	61	100.0	0.0
TPA_OMI054	33027_7#32.Treponema.ds2500000-reads	6389	6390	No	Yes	A	A	.	G	78	79	0.0	100.0
TPP_LIB015	31963_2#24.Treponema.ds2500000-reads	6389	6390	No	No	A	A	.	.	474	473	0.0	0.0
TPA_ESBCN001	31818_5#28.Treponema.ds684150-reads	6389	6390	Yes	No	A	A	G	.	11	11	100.0	0.0
TPA_UKBRG007	31818_4#2.Treponema.ds1597286-reads	6389	6390	Yes	No	A	A	G	.	70	70	100.0	0.0
TPP_GHA032	31818_1#32.Treponema.ds2500000-reads	6389	6390	No	No	A	A	.	.	441	440	0.0	0.0
UW280B	24141_8#3.Treponema.ds2500000-reads	6389	6390	No	No	A	A	G	.	497	497	100.0	0.0
CW85	SRR8501168.ds2500000-reads	6389	6390	Yes	No	A	A	G	.	219	219	100.0	0.0
PHE170352A	27455_3#34.Treponema.ds2500000-reads	6389	6390	Yes	No	A	A	G	.	74	72	100.0	0.0
R7-LAN-005	29007_2#16-cat	6389	6390	No	No	A	A	.	.	69	69	0.0	0.0
TPA_BCC040	31963_2#7.Treponema.ds2500000-reads	6389	6390	No	No	A	A	.	.	1017	1017	0.0	0.0
PHE170367A	27455_3#37.Treponema.ds2397526-reads	6389	6390	Yes	No	A	A	G	.	55	56	100.0	0.0
UW213B	24141_6#20.Treponema.ds2500000-reads	6389	6390	No	No	A	A	G	G	1340	1327	0.0	99.3076923076923
PHE120026A	27455_2#2.Treponema.ds2500000-reads	6389	6390	No	No	A	A	.	.	64	64	0.0	0.0
CW59	SRR8501165.ds2500000-reads	6389	6390	No	No	A	A	.	T	177	176	0.0	0.0
TPA_USL-Grady-1	31822_2#15.Treponema.ds2500000-reads	6389	6390	No	No	A	A	.	.	94	95	0.0	0.0
PHE150162A	27455_2#11.Treponema.ds2252752-reads	6389	6390	Yes	No	A	A	G	.	68	68	100.0	0.0
PHE120006A	27455_5#2.Treponema.ds2500000-reads	6389	6390	Yes	No	A	A	G	.	57	57	100.0	0.0
PHE140085A	27455_1#3.Treponema.ds2500000-reads	6389	6390	Yes	No	A	A	G	.	173	173	100.0	0.0
PHE170336B	27455_1#24.Treponema.ds2500000-reads	6389	6390	Yes	No	A	A	G	.	96	96	100.0	0.0
CW84	SRR8501169.ds2038886-reads	6389	6390	Yes	No	A	A	G	.	238	238	100.0	0.0
UW264B	24141_8#9.Treponema.ds2500000-reads	6389	6390	Yes	No	A	A	G	.	275	278	100.0	0.0
NL17	22931_6#12.Treponema.ds778035-reads	6389	6390	Yes	No	A	A	G	.	28	28	100.0	0.0
PT_SIF1183	SRR3584842.Treponema.ds1181556-reads	6389	6390	Yes	No	A	A	G	.	541	544	100.0	0.0
TPA_BCC182	31818_6#24.Treponema.ds1068293-reads	6389	6390	Yes	No	A	A	G	.	42	42	100.0	0.0
PHE130056A	27455_4#9.Treponema.ds2500000-reads	6389	6390	Yes	No	A	A	G	.	54	54	100.0	0.0
TPA_BCC122	31818_2#18.Treponema.ds2500000-reads	6389	6390	Yes	No	A	A	G	.	162	162	100.0	0.0
NL14	22931_6#9.Treponema.ds2500000-reads	6389	6390	Yes	No	A	A	G	.	138	138	100.0	0.0
K3	SRR2996730.Treponema.ds1809764-reads	6389	6390	Yes	No	A	A	G	.	950	946	100.0	0.0
PHE160315A	27455_2#29.Treponema.ds2500000-reads	6389	6390	Yes	No	A	A	G	.	87	89	100.0	0.0
PT_SIF1299	SRR3584884.Treponema.ds305258-reads	6389	6390	Yes	No	A	A	G	.	125	124	100.0	0.0
NKNP-2	SRR4308607.Treponema.ds1496896-reads	6389	6390	No	No	A	A	.	.	17	17	0.0	0.0
PT_SIF1063	SRR3571786.Treponema.ds277675-reads	6389	6390	No	No	A	A	.	.	112	112	0.0	0.0
PT_SIF0954	SRR3571778.Treponema.ds1267709-reads	6389	6390	Yes	No	A	A	G	.	627	628	100.0	0.0
UW824B	24141_3#17.Treponema.ds2500000-reads	6389	6390	No	No	A	A	G	G	1498	1499	96.73837612768911	1.3112491373360937
UW279B	24141_6#9.Treponema.ds2411473-reads	6389	6390	No	No	A	A	G	G	745	745	96.91011235955057	1.1157601115760112
PHE160224A	27455_1#9.Treponema.ds2500000-reads	6389	6390	Yes	No	A	A	G	.	129	128	100.0	0.0
CP0492	19444_8#15.Treponema.ds1410649-reads	6389	6390	No	No	A	A	.	.	29	27	0.0	0.0
TPA_ALC105	33027_6#3.Treponema.ds2500000-reads	6389	6390	No	Yes	A	A	.	G	51	50	0.0	100.0
CDC2	NC_016848.1	6389	6390	No	No	A	A	.	.	99	100	0.0	0.0
PHE170379A	29007_3#8.Treponema.ds2500000-reads	6389	6390	Yes	No	A	A	G	.	28	28	100.0	0.0
PHE170322A	27455_1#22.Treponema.ds2500000-reads	6389	6390	Yes	No	A	A	G	.	76	75	100.0	0.0
R6-HUR-007	29007_2#17-cat	6389	6390	No	No	A	A	.	.	32	32	0.0	0.0
PHE120033A	29007_3#1.Treponema.ds2500000-reads	6389	6390	No	No	A	A	.	.	54	54	0.0	0.0
UW195B	24141_8#5.Treponema.ds2500000-reads	6389	6390	Yes	No	A	A	G	.	564	564	100.0	0.0
TPA_UKBRG008	31963_2#17.Treponema.ds2500000-reads	6389	6390	Yes	No	A	A	G	.	302	307	100.0	0.0
TPP_GHA155	31963_2#19.Treponema.ds2500000-reads	6389	6390	No	No	A	A	.	.	790	790	0.0	0.0
PHE160217A	27455_3#17.Treponema.ds2500000-reads	6389	6390	Yes	No	A	A	G	.	182	184	100.0	0.0
TPA_EIR017	31818_3#15.Treponema.ds2500000-reads	6389	6390	Yes	No	A	A	G	.	213	213	100.0	0.0
TPA_BCC132	31818_2#5.Treponema.ds1727886-reads	6389	6390	Yes	No	A	A	G	.	75	77	100.0	0.0
TPA_BCC145	31818_6#16.Treponema.ds2500000-reads	6389	6390	Yes	No	A	A	G	.	113	115	100.0	0.0
PHE160211A	27455_3#16.Treponema.ds2500000-reads	6389	6390	Yes	No	A	A	G	.	135	137	100.0	0.0
SHD_R	SRR2996725.Treponema.ds2500000-reads	6389	6390	Yes	No	A	A	G	.	1361	1355	100.0	0.0
Sei_Geringging_K403	NZ_CP024089.1	6389	6390	No	No	A	A	.	.	102	102	0.0	0.0
UW133B	24141_5#20.Treponema.ds2500000-reads	6389	6390	No	No	A	A	G	G	1397	1398	99.10313901345292	0.8130081300813009
UW099B	24141_4#18.Treponema.ds2500000-reads	6389	6390	No	No	A	A	G	G	1519	1518	0.5277044854881267	1.121372031662269
PHE160309A	27455_3#29.Treponema.ds2256813-reads	6389	6390	Yes	No	A	A	G	.	54	53	100.0	0.0
PHE170409A	29007_2#3.Treponema.ds2500000-reads	6389	6390	Yes	No	A	A	G	.	47	46	100.0	0.0
PHE170319A	29007_3#18.Treponema.ds2500000-reads	6389	6390	Yes	No	A	A	G	.	49	49	100.0	0.0
TPP_PNGM_18-11	31822_1#25.Treponema.ds1070224-reads	6389	6390	No	No	A	A	.	.	39	41	0.0	0.0
TPA_USL-SEA-81-8	31818_1#6.Treponema.ds2500000-reads	6389	6390	No	No	A	A	.	.	997	997	0.0	0.0
TPP_GHA111	31963_2#18.Treponema.ds1420819-reads	6389	6390	No	No	A	A	.	.	125	125	0.0	0.0
TPA_BCC199	31818_3#14.Treponema.ds2500000-reads	6389	6390	Yes	No	A	A	G	.	147	147	100.0	0.0
PHE130053A	27455_5#5.Treponema.ds2500000-reads	6389	6390	Hetero	No	A	A	G	.	83	83	70.51282051282051	0.0
UW102B	24141_6#6.Treponema.ds2500000-reads	6389	6390	No	No	A	A	G	G	1357	1356	0.0	0.0
PHE130060A	27455_7#5.Treponema.ds2475114-reads	6389	6390	No	No	A	A	.	.	50	48	0.0	0.0
TPA_OMI006	33027_7#28.Treponema.ds2500000-reads	6389	6390	No	Yes	A	A	.	G	116	115	0.0	100.0
PHE170384A	27455_3#39.Treponema.ds2500000-reads	6389	6390	Yes	No	A	A	G	.	76	76	100.0	0.0
R6-SAM1-001	27455_1#36.Treponema.ds2257535-reads	6389	6390	No	No	A	A	.	.	51	51	0.0	0.0
TPA_BCC166	31818_6#20.Treponema.ds1975997-reads	6389	6390	Yes	No	A	A	G	.	97	96	100.0	0.0
TPP_PNGM_17-14	31818_3#30.Treponema.ds1107598-reads	6389	6390	No	No	A	A	.	.	69	69	0.0	0.0
TPA_OMI022	33027_7#29.Treponema.ds2500000-reads	6389	6390	Yes	No	A	A	G	.	119	122	100.0	0.0
UW391C	24141_5#10.Treponema.ds2500000-reads	6389	6390	No	No	A	A	G	G	1455	1454	98.77521613832853	0.7163323782234957
TPA_BCC169	31818_1#20.Treponema.ds833104-reads	6389	6390	Yes	No	A	A	G	.	50	50	100.0	0.0
UW074B	24141_6#7.Treponema.ds2500000-reads	6389	6390	No	No	A	A	G	G	1365	1361	98.55403348554034	0.8314436885865457
TPA_BCC123	31818_3#24.Treponema.ds1397038-reads	6389	6390	Yes	No	A	A	G	.	49	51	100.0	0.0
PHE120028A	27455_6#3.Treponema.ds2500000-reads	6389	6390	Yes	No	A	A	G	.	67	67	100.0	0.0
TPA_BCC032	31818_3#18.Treponema.ds1654256-reads	6389	6390	Yes	No	A	A	G	.	65	65	100.0	0.0
TPA_BCC154	31818_1#17.Treponema.ds2500000-reads	6389	6390	Yes	No	A	A	G	.	200	200	100.0	0.0
TPA_ALC055	31818_3#17.Treponema.ds2500000-reads	6389	6390	Yes	No	A	A	G	.	69	68	100.0	0.0
TPP_LIB018	31963_2#23.Treponema.ds1508056-reads	6389	6390	No	No	A	A	.	.	119	118	0.0	0.0
PHE130050A	27455_6#8.Treponema.ds2500000-reads	6389	6390	Yes	No	A	A	G	.	63	62	100.0	0.0
TPA_ALC005	31818_2#14.Treponema.ds1197249-reads	6389	6390	Yes	No	A	A	G	.	52	54	100.0	0.0
PHE170348A	27455_5#34.Treponema.ds2500000-reads	6389	6390	Yes	No	A	A	G	.	39	39	100.0	0.0
PHE140089A	27455_2#5.Treponema.ds2114712-reads	6389	6390	Yes	No	A	A	G	.	49	49	100.0	0.0
PHE160277A	27455_3#22.Treponema.ds2500000-reads	6389	6390	Yes	No	A	A	G	.	66	66	100.0	0.0
UW376B	24141_5#4.Treponema.ds2500000-reads	6389	6390	No	No	A	A	G	G	1288	1293	98.37133550488599	0.5640612409347301
TPA_OMI074	31822_2#27.Treponema.ds1989266-reads	6389	6390	Yes	No	A	A	G	.	58	58	100.0	0.0
TPA_BCC101	31818_1#5.Treponema.ds1891107-reads	6389	6390	Yes	No	A	A	G	.	81	82	100.0	0.0
CW88	SRR8501161.ds464637-reads	6389	6390	Yes	No	A	A	G	.	79	79	100.0	0.0
UW379B	24141_7#2.Treponema.ds2500000-reads	6389	6390	No	No	A	A	G	C	1023	1020	100.0	0.0
TPP_GHA169	31822_1#16.Treponema.ds1323045-reads	6389	6390	No	No	A	A	.	.	38	38	0.0	0.0
TPA_BCC174	31818_2#10.Treponema.ds2312002-reads	6389	6390	Yes	No	A	A	G	.	122	127	100.0	0.0
NKNP-1	SRR4308606.Treponema.ds2500000-reads	6389	6390	No	No	A	A	.	.	29	28	0.0	0.0
TPP_PNGM_15-110	31818_4#22.Treponema.ds1946125-reads	6389	6390	No	No	A	A	.	.	435	422	0.0	0.0
PHE150136A	27614_2#15.Treponema.ds1785277-reads	6389	6390	Yes	No	A	A	G	.	20	20	100.0	0.0
CP0465	19444_8#9.Treponema.ds1440088-reads	6389	6390	No	No	A	A	.	.	39	40	0.0	0.0
PT_SIF1200	SRR3584844.Treponema.ds1533577-reads	6389	6390	Yes	No	A	A	G	.	287	284	100.0	0.0
TPA_EIR015	31963_2#3.Treponema.ds2500000-reads	6389	6390	No	No	A	A	.	.	233	233	0.0	0.0
PHE170664A	29007_3#11.Treponema.ds2500000-reads	6389	6390	Yes	No	A	A	G	.	27	28	100.0	0.0
CP0461	19444_8#5.Treponema.ds1098443-reads	6389	6390	No	No	A	A	.	.	28	28	0.0	0.0
R8-KOS-007	29007_2#11-cat	6389	6390	No	Hetero	A	A	.	G	88	88	0.0	84.0909090909091
TPP_GHA024	31963_2#32.Treponema.ds2500000-reads	6389	6390	No	No	A	A	.	.	269	269	0.0	0.0
PHE150164A	27455_7#13.Treponema.ds2500000-reads	6389	6390	No	No	A	A	.	.	48	48	0.0	0.0
TPP_GHA117	31818_4#9.Treponema.ds1271447-reads	6389	6390	No	No	A	A	.	.	54	54	0.0	0.0
TPA_BCC137	31818_6#11.Treponema.ds1552254-reads	6389	6390	Yes	No	A	A	G	.	49	50	100.0	0.0
PHE170328A	27455_2#30.Treponema.ds2500000-reads	6389	6390	Yes	No	A	A	G	.	167	167	100.0	0.0
PHE160317A	27455_1#21.Treponema.ds2500000-reads	6389	6390	Yes	No	A	A	G	.	96	96	100.0	0.0
R7-PUT1-002	29007_2#12-cat	6389	6390	No	No	A	A	.	.	62	62	0.0	0.0
TPA_OMI021	31822_1#30.Treponema.ds2500000-reads	6389	6390	Yes	No	A	A	G	.	136	140	100.0	0.0
SHG_I2	SRR2996727.Treponema.ds537460-reads	6389	6390	Yes	No	A	A	G	.	317	315	100.0	0.0
PHE150160A	27455_4#19.Treponema.ds2500000-reads	6389	6390	Yes	No	A	A	G	.	113	112	100.0	0.0
UW291B	24141_4#19.Treponema.ds2500000-reads	6389	6390	No	No	A	A	G	G	1467	1469	96.67374380750176	1.8258426966292134
PHE150126A	27455_2#8.Treponema.ds2500000-reads	6389	6390	Yes	No	A	A	G	.	391	392	100.0	0.0
C3	SRR2996729.Treponema.ds1156472-reads	6389	6390	Yes	No	A	A	G	.	635	636	100.0	0.0
CW56	SRR8501162.ds2012532-reads	6389	6390	Yes	No	A	A	G	.	119	119	100.0	0.0
PHE150170A	27455_2#13.Treponema.ds1801457-reads	6389	6390	Yes	No	A	A	G	.	31	34	100.0	0.0
NL09	22931_6#4.Treponema.ds2207961-reads	6389	6390	No	No	A	A	G	.	72	73	0.0	0.0
TPA_BCC063	31818_3#22.Treponema.ds2500000-reads	6389	6390	Yes	No	A	A	G	.	158	158	100.0	0.0
TPA_ALC077	31818_3#29.Treponema.ds1666674-reads	6389	6390	Yes	No	A	A	G	.	35	38	100.0	0.0
TPA_ZIM006	31822_2#20.Treponema.ds814492-reads	6389	6390	No	No	A	A	.	.	16	16	0.0	0.0
UW125B	24141_6#11.Treponema.ds2500000-reads	6389	6390	No	No	A	A	G	G	1436	1444	0.4181184668989547	0.6934812760055479
UW303B	24141_8#11.Treponema.ds2500000-reads	6389	6390	Yes	No	A	A	G	.	351	351	100.0	0.0
TPA_BCC030	31963_2#6.Treponema.ds2500000-reads	6389	6390	No	No	A	A	G	.	285	285	100.0	0.0
BAL73	SRR3268726.Treponema.ds378720-reads	6389	6390	No	No	A	A	.	.	145	146	0.0	0.0
PHE170403A	27455_5#39.Treponema.ds2500000-reads	6389	6390	Yes	No	A	A	G	.	63	63	100.0	0.0
WP0022.5	19444_8#6.Treponema.ds996438-reads	6389	6390	No	No	A	A	.	.	30	30	0.0	0.0
TPA_BCC175	31818_2#11.Treponema.ds2500000-reads	6389	6390	Yes	No	A	A	G	.	188	189	100.0	0.0
NL12	22931_6#7.Treponema.ds726081-reads	6389	6390	Yes	No	A	A	G	.	27	27	100.0	0.0
TPA_BCC014	31818_2#17.Treponema.ds2500000-reads	6389	6390	No	No	A	A	.	.	555	558	0.0	0.0
PHE130045A	27455_3#5.Treponema.ds2500000-reads	6389	6390	Yes	No	A	A	G	.	103	103	100.0	0.0
TPA_BCC127	31818_3#12.Treponema.ds2500000-reads	6389	6390	Yes	No	A	A	G	.	130	131	100.0	0.0
UW249B	SRR3268758.Treponema.ds504230-reads	6389	6390	No	No	A	A	G	.	272	275	87.00787401574803	0.0
CW83	SRR8501166.ds2500000-reads	6389	6390	No	No	A	A	.	.	43	43	0.0	0.0
PHE150133A	27455_2#9.Treponema.ds2500000-reads	6389	6390	Yes	No	A	A	G	.	77	79	100.0	0.0
B3	SRR2996728.Treponema.ds225397-reads	6389	6390	Yes	No	A	A	G	.	124	122	100.0	0.0
PHE130052A	27455_1#2.Treponema.ds2500000-reads	6389	6390	Yes	No	A	A	G	.	234	234	100.0	0.0
TPA_USL-SEA-84-2	31963_2#14.Treponema.ds2500000-reads	6389	6390	No	No	A	A	.	.	1349	1350	0.0	0.0
TPA_BCC196	31818_3#13.Treponema.ds2500000-reads	6389	6390	No	No	A	A	G	.	187	185	100.0	0.0
TPA_UKMAN054	31818_3#6.Treponema.ds2500000-reads	6389	6390	Yes	No	A	A	G	.	120	121	100.0	0.0
TPA_USL-BAL-8	31822_2#31.Treponema.ds2500000-reads	6389	6390	No	No	A	A	.	.	152	149	0.0	0.0
PHE120025A	27455_6#1.Treponema.ds2500000-reads	6389	6390	Yes	No	A	A	G	.	45	46	100.0	0.0
TPP_GHA002	31818_1#31.Treponema.ds2500000-reads	6389	6390	No	No	A	A	.	.	262	264	0.0	0.0
PHE120001A	27455_5#1.Treponema.ds2500000-reads	6389	6390	Yes	No	A	A	G	.	52	52	100.0	0.0
TPA_BCC079	31818_1#3.Treponema.ds2500000-reads	6389	6390	Yes	No	A	A	G	.	254	256	100.0	0.0
PHE150149A	27455_2#10.Treponema.ds2500000-reads	6389	6390	Yes	No	A	A	G	.	79	82	100.0	0.0
AU15	SRR3268722.Treponema.ds2500000-reads	6389	6390	Yes	No	A	A	G	.	437	435	100.0	0.0
PHE170346A	27455_2#31.Treponema.ds2500000-reads	6389	6390	Yes	No	A	A	G	.	330	329	96.26168224299066	0.0
PHE170392A	27455_6#36.Treponema.ds1973875-reads	6389	6390	Yes	No	A	A	G	.	46	46	100.0	0.0
TPA_UKBRG017	31818_4#4.Treponema.ds2500000-reads	6389	6390	No	Yes	A	A	.	G	108	107	0.0	100.0
PT_SIF1196	SRR3584843.Treponema.ds2500000-reads	6389	6390	No	No	A	A	G	G	1664	1675	99.49874686716792	0.0
PHE160300A	27455_3#25.Treponema.ds1917036-reads	6389	6390	Yes	No	A	A	G	.	56	58	100.0	0.0
TPP_GHA114	31822_1#11.Treponema.ds1487699-reads	6389	6390	No	No	A	A	.	.	64	64	0.0	0.0
CW30	SRR8501163.ds2500000-reads	6389	6390	No	No	A	A	T	T	582	579	0.0	1.0362694300518136
R8-KOS-004	27455_1#43.Treponema.ds2185158-reads	6389	6390	No	Yes	A	A	.	G	96	94	0.0	100.0
TPA_OMI075	31822_2#28.Treponema.ds2500000-reads	6389	6390	Yes	No	A	A	G	.	118	118	100.0	0.0
TPA_BCC004	31963_2#4.Treponema.ds2500000-reads	6389	6390	Yes	No	A	A	G	.	633	633	100.0	0.0
WP0022.7.scab	19444_8#2.Treponema.ds2500000-reads	6389	6390	No	No	A	A	.	.	408	414	0.0	0.0
PHE150166A	27455_2#12.Treponema.ds1988448-reads	6389	6390	Yes	No	A	A	G	.	43	43	100.0	0.0
UW189B	24141_5#18.Treponema.ds2471082-reads	6389	6390	No	No	A	A	G	G	1051	1053	98.92262487757101	0.8737864077669903
TPA_BCC147	31818_2#7.Treponema.ds1886502-reads	6389	6390	Yes	No	A	A	G	.	119	118	100.0	0.0
NE20	SRR3268710.Treponema.ds473145-reads	6389	6390	Yes	No	A	A	G	G	162	158	100.0	0.0
NL13	22931_6#8.Treponema.ds1618428-reads	6389	6390	Hetero	No	A	A	G	.	80	78	82.89473684210526	0.0
UW330C	24141_5#14.Treponema.ds2500000-reads	6389	6390	No	No	A	A	G	G	1416	1409	2.3138105567606653	96.84055841293167
PHE170402A	27455_3#42.Treponema.ds2500000-reads	6389	6390	Yes	No	A	A	G	.	160	160	100.0	0.0
PHE150145A	27455_1#5.Treponema.ds2500000-reads	6389	6390	Yes	No	A	A	G	.	121	122	100.0	0.0
PHE170398A	27455_4#37.Treponema.ds2500000-reads	6389	6390	Yes	No	A	A	G	.	98	96	100.0	0.0
TPP_GHA119	31822_1#13.Treponema.ds1348610-reads	6389	6390	No	No	A	A	.	.	73	73	0.0	0.0
UW134B	24141_7#18.Treponema.ds2500000-reads	6389	6390	No	No	A	A	G	G	1038	1034	0.0	0.0
TPA_USL-BAL-5	31818_2#19.Treponema.ds2500000-reads	6389	6390	No	No	A	A	.	.	207	209	0.0	0.0
TPA_OMI029	33027_7#31.Treponema.ds2500000-reads	6389	6390	No	No	A	A	.	.	263	262	0.0	0.0
TPA_ESBCN004	31818_5#25.Treponema.ds843705-reads	6389	6390	Yes	No	A	A	G	.	40	42	100.0	0.0
TPA_BCC194	31818_6#27.Treponema.ds1178315-reads	6389	6390	Yes	No	A	A	G	.	70	74	100.0	0.0
TPA_BCC089	31818_1#10.Treponema.ds933524-reads	6389	6390	Yes	No	A	A	G	.	56	56	100.0	0.0
TPA_USL-BAL-2	31963_2#11.Treponema.ds2500000-reads	6389	6390	No	No	A	A	.	C	1439	1427	0.0	0.0
UW281B	24141_7#7.Treponema.ds2500000-reads	6389	6390	No	No	A	A	.	.	1116	1118	0.0	0.0
Fribourg-Blanc	NC_021179.1	6389	6390	No	No	A	A	.	.	103	103	0.0	0.0
UW181B	24141_6#17.Treponema.ds2500000-reads	6389	6390	No	No	A	A	G	G	1293	1293	0.541795665634675	0.8513931888544891
PHE140076A	29007_3#2.Treponema.ds2500000-reads	6389	6390	Yes	No	A	A	G	.	30	30	100.0	0.0
PHE160197A	27455_4#21.Treponema.ds2500000-reads	6389	6390	Yes	No	A	A	G	.	83	84	100.0	0.0
PHE150150A	27455_1#6.Treponema.ds1998946-reads	6389	6390	Yes	No	A	A	G	.	75	78	100.0	0.0
TPA_BCC109	31818_1#11.Treponema.ds2500000-reads	6389	6390	Yes	No	A	A	G	.	241	244	100.0	0.0
R8-LMC-004	27455_1#34.Treponema.ds1615846-reads	6389	6390	No	Yes	A	A	.	G	46	49	0.0	100.0
TPA_BCC138	31818_6#12.Treponema.ds1011880-reads	6389	6390	Yes	No	A	A	G	.	56	57	100.0	0.0
Samoa_D	SRR3268738.Treponema.ds2500000-reads	6389	6390	No	No	A	A	C	T	1789	1795	0.0	0.0
TPA_ZIM018	31818_4#27.Treponema.ds1989153-reads	6389	6390	No	No	A	A	.	.	73	71	0.0	0.0
PHE130036A	27455_4#5.Treponema.ds2500000-reads	6389	6390	Yes	No	A	A	G	.	105	105	100.0	0.0
PHE170405A	27455_1#30.Treponema.ds2500000-reads	6389	6390	Yes	No	A	A	G	.	94	95	100.0	0.0
TPA_ALC124	33027_5#10.Treponema.ds2500000-reads	6389	6390	Yes	No	A	A	G	.	57	57	100.0	0.0
PHE120022A	27455_4#4.Treponema.ds2500000-reads	6389	6390	Yes	No	A	A	G	.	44	44	100.0	0.0
PHE160190A	27455_1#7.Treponema.ds2500000-reads	6389	6390	Yes	No	A	A	G	.	416	414	96.46464646464646	0.0
UW304B	24141_8#6.Treponema.ds2500000-reads	6389	6390	Yes	No	A	A	G	.	400	400	100.0	0.0
PHE140081A	27455_6#9.Treponema.ds2500000-reads	6389	6390	Yes	No	A	A	G	.	54	55	100.0	0.0
PHE120011A	27455_2#1.Treponema.ds2500000-reads	6389	6390	Yes	No	A	A	G	.	93	95	100.0	0.0
TPA_USL-BAL-6	31818_2#20.Treponema.ds2500000-reads	6389	6390	No	No	A	A	.	.	450	451	0.0	0.0
UW492B	24141_7#15.Treponema.ds2500000-reads	6389	6390	Yes	No	A	A	G	G	625	625	100.0	0.0
PHE120009B	27455_3#1.Treponema.ds2500000-reads	6389	6390	Yes	No	A	A	G	.	147	146	100.0	0.0
TPP_LIB005	31963_2#27.Treponema.ds2500000-reads	6389	6390	No	No	A	A	.	.	595	590	0.0	0.0
R5-ZUE-007	29007_2#15-cat	6389	6390	No	No	A	A	.	.	201	203	0.0	0.0
PHE140074A	27455_3#7.Treponema.ds2500000-reads	6389	6390	Yes	No	A	A	G	.	57	57	100.0	0.0
PHE170353A	27455_6#33.Treponema.ds2101561-reads	6389	6390	No	No	A	A	.	.	46	47	0.0	0.0
PHE120034A	27455_7#4.Treponema.ds2059933-reads	6389	6390	Yes	No	A	A	G	.	22	20	100.0	0.0
TPP_GHA128	31818_4#10.Treponema.ds1463301-reads	6389	6390	No	No	A	A	.	.	67	67	0.0	0.0
PHE130048A	29007_3#15.Treponema.ds2500000-reads	6389	6390	No	Yes	A	A	.	G	49	44	0.0	100.0
UW327B	24141_8#7.Treponema.ds2500000-reads	6389	6390	Yes	No	A	A	G	.	177	179	100.0	0.0
UW411B	24141_6#3.Treponema.ds2500000-reads	6389	6390	No	No	A	A	G	G	1229	1230	98.98819561551433	0.5008347245409015
TPA_BCC186	31818_3#27.Treponema.ds2488018-reads	6389	6390	Yes	No	A	A	G	.	134	131	100.0	0.0
Gauthier	NC_016843.1	6389	6390	No	No	A	A	.	.	101	103	0.0	0.0
PHE170351A	27455_3#33.Treponema.ds2500000-reads	6389	6390	Yes	No	A	A	G	.	100	102	100.0	0.0
PT_SIF1278	SRR3584879.Treponema.ds235573-reads	6389	6390	Yes	No	A	A	G	.	128	131	100.0	0.0
PHE150154A	27455_4#18.Treponema.ds2500000-reads	6389	6390	Yes	No	A	A	G	.	48	49	100.0	0.0
TPA_BCC134	31963_2#10.Treponema.ds2500000-reads	6389	6390	Yes	No	A	A	G	.	472	465	100.0	0.0
PHE170365A	27455_4#34.Treponema.ds2500000-reads	6389	6390	Yes	No	A	A	G	.	57	58	100.0	0.0
UW254C	24141_7#5.Treponema.ds2500000-reads	6389	6390	No	No	A	A	T	G	1062	1057	0.0	100.0
PHE160280A	27455_2#23.Treponema.ds2500000-reads	6389	6390	Yes	No	A	A	G	.	93	92	100.0	0.0
TPA_BCC181	31818_2#12.Treponema.ds2121900-reads	6389	6390	Yes	No	A	A	G	.	100	102	100.0	0.0
TPA_UKMAN003	31818_3#7.Treponema.ds1601042-reads	6389	6390	Yes	No	A	A	G	.	89	88	100.0	0.0
UW138B	24141_6#15.Treponema.ds2500000-reads	6389	6390	No	No	A	A	G	G	1373	1371	0.5098324836125273	0.6564551422319475
PHE120019A	27455_4#3.Treponema.ds2500000-reads	6389	6390	Yes	No	A	A	G	.	53	53	100.0	0.0
R2-64919	27455_1#46.Treponema.ds2500000-reads	6389	6390	No	No	A	A	.	.	126	129	0.0	0.0
PHE140084A	27455_7#7.Treponema.ds2500000-reads	6389	6390	Yes	No	A	A	G	.	80	82	100.0	0.0
PT_SIF0857	SRR3584965.Treponema.ds405074-reads	6389	6390	Yes	No	A	A	G	.	219	220	100.0	0.0
PHE150151A	27455_8#11.Treponema.ds1992819-reads	6389	6390	Yes	No	A	A	G	.	37	37	100.0	0.0
PHE160247A	27455_4#25.Treponema.ds2500000-reads	6389	6390	Yes	No	A	A	G	.	42	43	100.0	0.0
PHE170385A	27455_4#36.Treponema.ds2500000-reads	6389	6390	Yes	No	A	A	G	.	45	46	100.0	0.0
UW526B	24141_7#19.Treponema.ds2500000-reads	6389	6390	No	No	A	A	G	G	803	800	99.22178988326849	0.0
UW248B	24141_5#5.Treponema.ds2500000-reads	6389	6390	No	No	A	A	G	G	1417	1431	99.04692082111437	0.5797101449275363
PHE130049A	27455_6#7.Treponema.ds2238189-reads	6389	6390	Yes	No	A	A	G	.	37	37	100.0	0.0
UW337B	24141_4#12.Treponema.ds2500000-reads	6389	6390	No	No	A	A	G	G	1490	1485	0.6811989100817438	98.69146005509641
TPA_UKMAN047	31818_3#4.Treponema.ds1648869-reads	6389	6390	Yes	No	A	A	G	.	113	112	100.0	0.0
TPP_PNGM_19-24	31818_4#21.Treponema.ds1736502-reads	6389	6390	No	No	A	A	.	.	539	517	0.0	0.0
NL19	22931_6#13.Treponema.ds2422288-reads	6389	6390	Yes	No	A	A	G	.	73	73	100.0	0.0
UW202B	24141_8#8.Treponema.ds1965222-reads	6389	6390	No	No	A	A	G	.	115	113	100.0	0.0
NE17	SRR3268707.Treponema.ds1661286-reads	6389	6390	Yes	No	A	A	G	.	183	182	100.0	0.0
TPA_ZIM028	31818_4#29.Treponema.ds2500000-reads	6389	6390	No	No	A	A	.	.	238	238	0.0	0.0
AR2	SRR3268682.Treponema.ds2500000-reads	6389	6390	No	No	A	A	G	.	507	508	0.0	0.0
IraqB-mcf	15169_6#53.Treponema.ds2352679-reads	6389	6390	No	No	A	A	G	.	773	760	0.0	0.0
PT_SIF1020	SRR3571785.Treponema.ds1709469-reads	6389	6390	Yes	No	A	A	G	T	981	982	100.0	0.0
TPP_GHA167	31818_4#12.Treponema.ds1477560-reads	6389	6390	No	No	A	A	.	.	54	55	0.0	0.0
TPA_ZIM007	31822_2#21.Treponema.ds2209089-reads	6389	6390	Yes	No	A	A	G	.	30	30	100.0	0.0
TPA_UKBRG010	31818_4#3.Treponema.ds1969076-reads	6389	6390	Yes	No	A	A	G	.	76	76	100.0	0.0
TPA_BCC146	31818_6#17.Treponema.ds1023824-reads	6389	6390	Yes	No	A	A	G	.	44	44	100.0	0.0
CW65	SRR8501164.ds356365-reads	6389	6390	No	No	A	A	.	.	36	36	0.0	0.0
NL10	22931_6#5.Treponema.ds2500000-reads	6389	6390	Yes	No	A	A	G	.	290	290	100.0	0.0
PHE160184A	27455_6#18.Treponema.ds2500000-reads	6389	6390	Yes	No	A	A	G	.	43	42	100.0	0.0
PHE160196A	27455_1#8.Treponema.ds2500000-reads	6389	6390	Yes	No	A	A	G	.	100	100	100.0	0.0
TPA_OMI015	31822_1#29.Treponema.ds2500000-reads	6389	6390	Yes	No	A	A	G	.	204	206	100.0	0.0
PHE150143A	29007_3#16.Treponema.ds2500000-reads	6389	6390	No	No	A	A	G	.	38	39	100.0	0.0
PHE130054A	27455_4#8.Treponema.ds2500000-reads	6389	6390	Yes	No	A	A	G	.	37	37	100.0	0.0
TPA_BCC012	31963_2#5.Treponema.ds2500000-reads	6389	6390	No	No	A	A	.	.	170	171	0.0	0.0
TPA_BCC107	31818_5#22.Treponema.ds1386523-reads	6389	6390	Yes	No	A	A	G	.	48	48	100.0	0.0
PHE160298A	27455_2#26.Treponema.ds2500000-reads	6389	6390	Yes	No	A	A	G	.	210	211	100.0	0.0
TPA_BCC141	31818_2#6.Treponema.ds2500000-reads	6389	6390	Yes	No	A	A	G	.	145	150	100.0	0.0
PHE160264A	27455_2#21.Treponema.ds2500000-reads	6389	6390	Yes	No	A	A	G	.	138	137	100.0	0.0
PHE120029A	27455_2#3.Treponema.ds2007497-reads	6389	6390	No	No	A	A	.	.	30	30	0.0	0.0
TPA_UKLEE012	31822_2#13.Treponema.ds939530-reads	6389	6390	Yes	No	A	A	G	.	48	49	100.0	0.0
PHE150131A	27455_4#12.Treponema.ds2500000-reads	6389	6390	Yes	No	A	A	G	.	120	121	100.0	0.0
TPA_UKLEE006	31822_2#12.Treponema.ds1329667-reads	6389	6390	Yes	No	A	A	G	.	31	31	100.0	0.0
PHE160292A	27455_4#29.Treponema.ds2458436-reads	6389	6390	Yes	No	A	A	G	.	40	40	100.0	0.0
PHE160301A	27455_3#26.Treponema.ds2195280-reads	6389	6390	Yes	No	A	A	G	.	50	49	100.0	0.0
TPA_USL-SEA-81-3	31963_2#13.Treponema.ds2500000-reads	6389	6390	No	No	A	A	.	.	973	975	0.0	0.0
PHE150159A	27455_6#15.Treponema.ds2500000-reads	6389	6390	Yes	No	A	A	G	.	74	72	100.0	0.0
PHE170386A	27455_1#29.Treponema.ds2500000-reads	6389	6390	Yes	No	A	A	G	.	55	54	100.0	0.0
PHE170387A	27455_2#34.Treponema.ds2500000-reads	6389	6390	Yes	No	A	A	G	.	137	137	100.0	0.0
PHE140083A	27455_6#10.Treponema.ds2500000-reads	6389	6390	Yes	No	A	A	G	.	59	59	100.0	0.0
TPA_AUSMELT-1	Melbourne-1.Treponema.ds1004132-reads	6389	6390	No	No	A	A	.	.	385	384	0.0	0.0
TPP_LIB006	31963_2#26.Treponema.ds2500000-reads	6389	6390	No	No	A	A	.	.	572	570	0.0	0.0
TPA_UKMAN027	31818_4#15.Treponema.ds2500000-reads	6389	6390	Yes	No	A	A	G	.	315	317	100.0	0.0
PHE160256A	27455_3#20.Treponema.ds2500000-reads	6389	6390	Yes	No	A	A	G	.	63	67	100.0	0.0
PHE150138A	27455_4#14.Treponema.ds2500000-reads	6389	6390	Yes	No	A	A	G	.	85	86	100.0	0.0
PHE160238A	27455_5#18.Treponema.ds2500000-reads	6389	6390	Hetero	No	A	A	G	.	107	108	88.78504672897196	0.0
Gambia-2	SRR4308605.Treponema.ds2500000-reads	6389	6390	No	No	A	A	G	.	296	298	0.0	0.0
TPA_ALC115	33027_5#7.Treponema.ds2500000-reads	6389	6390	Yes	No	A	A	G	.	34	34	100.0	0.0
TPA_BCC008	31818_1#7.Treponema.ds1645849-reads	6389	6390	No	No	A	A	.	.	97	97	0.0	0.0
SW4_Trepo	SRR3268730.Treponema.ds2263641-reads	6389	6390	No	No	A	A	G	.	31	32	79.3103448275862	0.0
TPA_BCC064	31818_2#2.Treponema.ds1556842-reads	6389	6390	Yes	No	A	A	G	.	77	82	100.0	0.0
PHE160260A	27455_5#23.Treponema.ds2500000-reads	6389	6390	Yes	No	A	A	G	.	59	60	100.0	0.0
TPA_USL-SEA-83-2	31818_2#22.Treponema.ds2500000-reads	6389	6390	No	No	A	A	.	.	307	310	0.0	0.0
TPA_BCC034	31818_2#1.Treponema.ds1886633-reads	6389	6390	No	No	A	A	.	.	130	131	0.0	0.0
TPP_GHA003	31818_2#31.Treponema.ds2500000-reads	6389	6390	No	No	A	A	.	.	200	207	0.0	0.0
TPA_OMI002	31818_5#3.Treponema.ds2500000-reads	6389	6390	Yes	No	A	A	G	.	129	127	100.0	0.0
PHE120007A	27455_4#1.Treponema.ds2500000-reads	6389	6390	Yes	No	A	A	G	.	117	118	100.0	0.0
PHE170388A	27455_3#40.Treponema.ds2500000-reads	6389	6390	Yes	No	A	A	G	.	227	226	100.0	0.0
UW116B	24141_4#6.Treponema.ds2500000-reads	6389	6390	No	No	A	A	G	G	1540	1528	1.21049092131809	97.88251366120218
PHE140093A	27455_5#7.Treponema.ds2500000-reads	6389	6390	No	No	A	A	.	.	105	105	0.0	0.0
PHE160255A	27455_1#12.Treponema.ds2500000-reads	6389	6390	Yes	No	A	A	G	.	63	63	100.0	0.0
Ta√ØNP-2	SRR4308604.Treponema.ds527529-reads	6389	6390	No	No	A	A	.	.	56	56	0.0	0.0
PT_SIF1156	SRR3584840.Treponema.ds2500000-reads	6389	6390	No	No	A	A	T	G	1677	1682	0.3618817852834741	0.0
UW244B	24141_7#16.Treponema.ds2500000-reads	6389	6390	No	No	A	A	G	.	837	843	100.0	0.0
Mexico_A-mcf	15169_6#65.Treponema.ds2500000-reads	6389	6390	No	No	A	A	.	.	877	881	0.0	0.0
PHE170366A	27455_5#35.Treponema.ds2500000-reads	6389	6390	Yes	No	A	A	G	.	51	49	100.0	0.0
PT_SIF1252	SRR3584871.Treponema.ds2018221-reads	6389	6390	Yes	No	A	A	G	C	1383	1390	100.0	0.0
TPP_GHA001	31818_1#29.Treponema.ds2500000-reads	6389	6390	No	No	A	A	.	.	332	332	0.0	0.0
PHE160295A	29007_3#7.Treponema.ds2500000-reads	6389	6390	Yes	No	A	A	G	.	34	35	100.0	0.0
PHE160239A	27455_3#19.Treponema.ds2500000-reads	6389	6390	Yes	No	A	A	G	.	94	98	100.0	0.0
CDC_2575	NZ_CP020366.1	6389	6390	No	No	A	A	.	.	102	103	0.0	0.0
UW149B	24141_8#10.Treponema.ds2500000-reads	6389	6390	No	No	A	A	.	.	297	297	0.0	0.0
PHE160214A	27455_2#16.Treponema.ds2500000-reads	6389	6390	Yes	No	A	A	G	.	274	273	100.0	0.0
PHE120024A	27455_3#3.Treponema.ds2500000-reads	6389	6390	Yes	No	A	A	G	.	98	97	100.0	0.0
TPA_UKBRG018	31822_1#8.Treponema.ds2500000-reads	6389	6390	Yes	No	A	A	G	.	179	182	100.0	0.0
TPA_USL-Phil-1	31822_2#14.Treponema.ds2500000-reads	6389	6390	No	No	A	A	.	.	185	186	0.0	0.0
TPP_LIB003	31818_1#26.Treponema.ds2500000-reads	6389	6390	No	No	A	A	.	.	258	259	0.0	0.0
PT_SIF1002	SRR3571783.Treponema.ds1307932-reads	6389	6390	Yes	No	A	A	G	G	1056	1060	100.0	0.0
PHE160316A	27455_1#20.Treponema.ds2500000-reads	6389	6390	Yes	No	A	A	G	.	65	65	100.0	0.0
PHE160287A	27455_1#18.Treponema.ds2379833-reads	6389	6390	Yes	No	A	A	G	.	77	76	100.0	0.0
Amoy	NZ_CP015162.1	6389	6390	Yes	No	A	A	G	.	62	61	100.0	0.0
PHE160263A	27455_1#13.Treponema.ds1547402-reads	6389	6390	Yes	No	A	A	G	.	56	57	100.0	0.0
UW397B	24141_5#11.Treponema.ds2500000-reads	6389	6390	Yes	No	A	A	G	G	1244	1245	98.4126984126984	0.9083402146985963
UW852B	24141_6#19.Treponema.ds2500000-reads	6389	6390	No	No	A	A	G	G	1075	1077	98.45261121856866	0.0
PHE170397A	27455_2#35.Treponema.ds1621612-reads	6389	6390	Yes	No	A	A	G	.	24	24	100.0	0.0
PHE170412A	27455_4#39.Treponema.ds2500000-reads	6389	6390	Yes	No	A	A	G	.	31	31	100.0	0.0
TPA_ZIM019	33027_7#27.Treponema.ds2500000-reads	6389	6390	No	No	A	A	.	.	114	113	0.0	0.0
TPA_BCC180	31818_6#23.Treponema.ds1292706-reads	6389	6390	Yes	No	A	A	G	.	78	78	100.0	0.0
TPA_BCC126	31818_1#13.Treponema.ds689520-reads	6389	6390	Yes	No	A	A	G	.	25	25	100.0	0.0
UW330B	24141_6#12.Treponema.ds2500000-reads	6389	6390	No	No	A	A	G	G	1342	1331	0.5363984674329502	98.75776397515527
TPA_BCC081	31818_1#4.Treponema.ds1036532-reads	6389	6390	Yes	No	A	A	G	.	33	33	100.0	0.0
UW211B	24141_7#8.Treponema.ds2500000-reads	6389	6390	No	No	A	A	G	.	1403	1399	0.0	0.0
PHE160253A	27455_2#18.Treponema.ds2500000-reads	6389	6390	Yes	No	A	A	G	.	209	211	100.0	0.0
TPA_BCC183	31818_6#25.Treponema.ds2134448-reads	6389	6390	Yes	No	A	A	G	.	121	123	100.0	0.0
TPA_BCC085	31818_5#21.Treponema.ds1659292-reads	6389	6390	Yes	No	A	A	G	.	63	63	100.0	0.0
PHE160189A	27455_5#15.Treponema.ds2500000-reads	6389	6390	Yes	No	A	A	G	.	77	76	100.0	0.0
TPA_BCC055	31818_3#10.Treponema.ds2500000-reads	6389	6390	Hetero	No	A	A	G	.	183	185	79.88505747126436	0.0
UW126B	24141_7#3.Treponema.ds2500000-reads	6389	6390	No	No	A	A	G	T	1080	1066	0.0	0.0
PHE150153A	27455_4#17.Treponema.ds2500000-reads	6389	6390	Yes	No	A	A	G	.	113	113	100.0	0.0
PT_SIF1242	SRR3584845.Treponema.ds2500000-reads	6389	6390	Yes	No	A	A	G	.	1218	1222	100.0	0.0
TPA_BCC156	31818_5#29.Treponema.ds2500000-reads	6389	6390	Yes	No	A	A	G	.	203	202	100.0	0.0
UW383B	24141_7#4.Treponema.ds2500000-reads	6389	6390	No	No	A	A	G	.	907	904	100.0	0.0
TPA_ALC034	31818_3#16.Treponema.ds2500000-reads	6389	6390	Yes	No	A	A	G	.	111	113	100.0	0.0
TPA_EIR008	31818_6#30.Treponema.ds2500000-reads	6389	6390	Yes	No	A	A	G	G	699	703	100.0	0.0
R8-MAZ-003	27455_1#40.Treponema.ds1406393-reads	6389	6390	No	No	A	A	.	.	60	60	0.0	0.0
TPA_BCC102	31818_3#23.Treponema.ds2486985-reads	6389	6390	Yes	No	A	A	G	.	93	92	100.0	0.0
TPP_LIB011	31818_1#27.Treponema.ds2355082-reads	6389	6390	No	No	A	A	.	.	147	148	0.0	0.0
PHE120013A	27455_4#2.Treponema.ds2500000-reads	6389	6390	Yes	No	A	A	G	.	69	69	100.0	0.0
PHE150119A	27455_5#10.Treponema.ds2500000-reads	6389	6390	Yes	No	A	A	G	.	65	63	100.0	0.0
TPP_LIB001	31818_2#27.Treponema.ds2500000-reads	6389	6390	No	No	A	A	.	.	271	272	0.0	0.0
PHE160299A	27455_3#24.Treponema.ds2500000-reads	6389	6390	Yes	No	A	A	G	.	81	81	100.0	0.0
NL16	22931_6#11.Treponema.ds2500000-reads	6389	6390	No	No	A	A	G	.	333	336	100.0	0.0
TPP_GHA067	31822_1#9.Treponema.ds2500000-reads	6389	6390	No	No	A	A	.	.	129	127	0.0	0.0
TPA_BCC157	31818_1#18.Treponema.ds2500000-reads	6389	6390	Yes	No	A	A	G	.	245	244	100.0	0.0
UW148B	24141_6#18.Treponema.ds2500000-reads	6389	6390	No	No	A	A	G	G	1256	1262	98.58215179316096	0.0
PHE120016A	27455_7#2.Treponema.ds2500000-reads	6389	6390	No	No	A	A	.	.	60	60	0.0	0.0
TPA_ALC023	31818_1#23.Treponema.ds1242931-reads	6389	6390	Yes	No	A	A	G	.	36	36	100.0	0.0
UW187B	24141_6#4.Treponema.ds2500000-reads	6389	6390	No	No	A	A	G	G	1305	1298	0.0	0.539291217257319
PHE150148A	27455_3#12.Treponema.ds2500000-reads	6389	6390	Yes	No	A	A	G	.	301	306	96.89655172413794	0.0
UW344B	24141_6#1.Treponema.ds2500000-reads	6389	6390	No	No	A	A	G	G	1555	1555	0.5795235028976174	1.03026400515132
Gambia-1	SRR4308597.Treponema.ds2500000-reads	6389	6390	No	No	A	A	.	.	227	227	0.0	0.0
PHE130041A	27455_6#5.Treponema.ds1937857-reads	6389	6390	Yes	No	A	A	G	.	33	35	100.0	0.0
TPA_BCC176	31818_6#22.Treponema.ds1506309-reads	6389	6390	Yes	No	A	A	G	.	76	75	100.0	0.0
PHE160227A	27455_6#22.Treponema.ds2091548-reads	6389	6390	Yes	No	A	A	G	.	25	27	100.0	0.0
TPA_AUSBR-39	35231_3#29.Treponema.ds2500000-reads	6389	6390	Hetero	No	A	A	G	.	67	65	90.47619047619048	0.0
PHE160308A	27455_4#30.Treponema.ds2041608-reads	6389	6390	Yes	No	A	A	G	.	20	20	100.0	0.0
SMUTp_08	SRR10041768.Treponema.ds4000000-reads	6389	6390	No	Yes	A	A	.	G	126	124	0.0	100.0
Nichols_Houston_E	15169_6#56.Treponema.ds2500000-reads	6389	6390	No	No	A	A	G	.	914	920	0.0	0.0
PHE160283A	27455_1#16.Treponema.ds1926466-reads	6389	6390	No	No	A	A	.	.	54	53	0.0	0.0
PHE160274A	27455_1#15.Treponema.ds1811142-reads	6389	6390	Yes	No	A	A	G	.	45	45	100.0	0.0
TPA_HUN190023	35231_3#15.Treponema.ds1212055-reads	6389	6390	No	No	A	A	.	.	35	35	0.0	0.0
PHE150173A	27455_6#16.Treponema.ds1729631-reads	6389	6390	No	No	A	A	G	.	18	18	100.0	0.0
PHE120003A	27455_8#1.Treponema.ds2158516-reads	6389	6390	Yes	No	A	A	G	.	30	30	100.0	0.0
TPA_ALC162	33027_5#24.Treponema.ds2500000-reads	6389	6390	Yes	No	A	A	G	.	18	18	100.0	0.0
TPA_SWE-507	35231_3#23.Treponema.ds2500000-reads	6389	6390	Yes	No	A	A	G	.	90	90	100.0	0.0
TPA_RUS_Tuva-41	35190_3#15.Treponema.ds2500000-reads	6389	6390	No	No	A	A	.	.	382	382	0.0	0.0
TPA_RUS_Tuva-58	35231_3#18.Treponema.ds2500000-reads	6389	6390	No	No	A	A	.	.	109	109	0.0	0.0
TPA_HUN190017	35190_3#8.Treponema.ds1436673-reads	6389	6390	Yes	No	A	A	G	.	59	59	100.0	0.0
PHE160254A	27455_4#26.Treponema.ds2500000-reads	6389	6390	Yes	No	A	A	G	.	52	54	100.0	0.0
TPA_HUN180007	35231_3#6.Treponema.ds2500000-reads	6389	6390	Yes	No	A	A	G	.	115	116	100.0	0.0
TPA_UKBIR050	33027_7#26.Treponema.ds1249382-reads	6389	6390	No	No	A	A	.	.	43	42	0.0	0.0
PHE160302A	29007_2#2.Treponema.ds2500000-reads	6389	6390	Yes	No	A	A	G	.	32	30	100.0	0.0
TPA_ALC011	31818_1#22.Treponema.ds915605-reads	6389	6390	Yes	No	A	A	G	.	19	19	100.0	0.0
TPA_UKBIR049	31822_2#11.Treponema.ds1806600-reads	6389	6390	Yes	No	A	A	G	.	44	45	100.0	0.0
Nichols_Houston_J	15169_6#52.Treponema.ds2500000-reads	6389	6390	No	No	A	A	G	.	1037	1037	0.0	0.0
TPA_ZIM004	31822_2#19.Treponema.ds1243584-reads	6389	6390	No	No	A	A	.	.	35	35	0.0	0.0
Seattle_Nichols	NZ_CP010422.1	6389	6390	No	No	A	A	.	.	89	89	0.0	0.0
TPA_RUS_Tuva-54	35231_3#21.Treponema.ds2500000-reads	6389	6390	No	No	A	A	.	.	58	58	0.0	0.0
TPA_RUS_Tuva-26	35231_3#32.Treponema.ds2500000-reads	6389	6390	Yes	No	A	A	G	.	77	77	100.0	0.0
TPA_SWE-1352	35231_3#27.Treponema.ds1156757-reads	6389	6390	Yes	No	A	A	G	.	27	29	100.0	0.0
PHE160248A	27455_5#22.Treponema.ds2500000-reads	6389	6390	Yes	No	A	A	G	.	58	58	100.0	0.0
TPA_HUN190008	35190_3#4.Treponema.ds1261428-reads	6389	6390	No	No	A	A	.	.	31	31	0.0	0.0
PHE150129A	27847_1#8.Treponema.ds2500000-reads	6389	6390	No	Yes	A	A	.	G	42	42	0.0	100.0
SMUTp_02	SRR10041774.Treponema.ds2500000-reads	6389	6390	Yes	No	A	A	G	.	188	188	100.0	0.0
TPA_RUS_Tuva-61	35190_3#16.Treponema.ds2500000-reads	6389	6390	No	No	A	A	.	.	200	198	0.0	0.0
PHE150155A	27455_6#14.Treponema.ds2247594-reads	6389	6390	Yes	No	A	A	G	.	41	41	100.0	0.0
TPA_SWE-575	35231_3#24.Treponema.ds1583154-reads	6389	6390	Yes	No	A	A	G	.	46	45	100.0	0.0
PHE160311A	27455_5#31.Treponema.ds2500000-reads	6389	6390	Yes	No	A	A	G	.	40	39	100.0	0.0
PHE130038A	27455_6#4.Treponema.ds2270395-reads	6389	6390	Yes	No	A	A	G	.	45	45	100.0	0.0
PHE150125A	27455_8#9.Treponema.ds2348135-reads	6389	6390	Yes	No	A	A	G	.	75	74	100.0	0.0
TPA_ALC036	31818_5#5.Treponema.ds988956-reads	6389	6390	Yes	No	A	A	G	.	26	26	100.0	0.0
TPA_AUSBR-41	35190_3#18.Treponema.ds2500000-reads	6389	6390	Yes	No	A	A	G	.	80	80	100.0	0.0
TPA_HUN180004	35190_3#3.Treponema.ds1868063-reads	6389	6390	Hetero	No	A	A	G	.	64	65	89.83050847457628	0.0
PHE140090A	27455_8#7.Treponema.ds2500000-reads	6389	6390	Yes	No	A	A	G	.	37	38	100.0	0.0
TPA_HUN190020	35190_3#12.Treponema.ds2500000-reads	6389	6390	Yes	No	A	A	G	.	70	70	100.0	0.0
PHE160294A	27455_1#19.Treponema.ds1356696-reads	6389	6390	Yes	No	A	A	G	.	26	26	100.0	0.0
TPA_RUS_Tuva-62	35231_3#19.Treponema.ds2500000-reads	6389	6390	No	No	A	A	.	.	75	77	0.0	0.0
TPA_UKBIR030	33027_7#25.Treponema.ds2500000-reads	6389	6390	Yes	No	A	A	G	.	51	51	100.0	0.0
TPA_ALC035	31818_2#16.Treponema.ds1186655-reads	6389	6390	Yes	No	A	A	G	.	30	30	100.0	0.0
TPA_AUSBR-113	35231_3#31.Treponema.ds2500000-reads	6389	6390	Yes	No	A	A	G	.	84	84	100.0	0.0
TPA_UKBRG009	31818_4#5.Treponema.ds952114-reads	6389	6390	Yes	No	A	A	G	.	28	28	100.0	0.0
Chicago_tube2	15169_6#54.Treponema.ds2500000-reads	6389	6390	No	No	A	A	G	.	977	976	0.0	0.0
Nichols_v2	NC_021490.2	6389	6390	No	No	A	A	.	.	121	120	0.0	0.0
TPA_RUS_Tuva-49	35231_3#17.Treponema.ds2500000-reads	6389	6390	No	No	A	A	.	.	78	78	0.0	0.0
PHE170401A	29007_3#9.Treponema.ds2500000-reads	6389	6390	Yes	No	A	A	G	.	24	24	100.0	0.0
TPA_ZIM020	31822_2#24.Treponema.ds1433124-reads	6389	6390	No	No	A	A	.	.	22	22	0.0	0.0
TPA_HUN200024	35190_3#14.Treponema.ds2500000-reads	6389	6390	No	No	A	A	.	.	343	344	0.0	0.0
PHE160242A	27455_7#20.Treponema.ds2500000-reads	6389	6390	Yes	No	A	A	G	.	45	45	100.0	0.0
TPA_UKBIR026	31822_2#7.Treponema.ds2109167-reads	6389	6390	Yes	No	A	A	G	.	73	71	100.0	0.0
TPA_RUS_Tuva-39	35231_3#16.Treponema.ds2500000-reads	6389	6390	No	No	A	A	.	.	70	70	0.0	0.0
PHE160216A	27455_6#20.Treponema.ds1994172-reads	6389	6390	Yes	No	A	A	G	.	36	37	100.0	0.0
PHE150168A	27455_8#13.Treponema.ds2147530-reads	6389	6390	Yes	No	A	A	G	.	36	36	100.0	0.0
TPA_BCC103	33027_7#19.Treponema.ds2500000-reads	6389	6390	Yes	No	A	A	G	.	80	79	100.0	0.0
TPA_SWE-662	35231_3#25.Treponema.ds2500000-reads	6389	6390	Yes	No	A	A	G	.	76	79	100.0	0.0
SMUTp_01	SRR10041775.Treponema.ds1447020-reads	6389	6390	Yes	No	A	A	G	.	568	569	100.0	0.0
TPA_HUN190022	35231_3#14.Treponema.ds2302412-reads	6389	6390	No	No	A	A	.	.	50	50	0.0	0.0
TPA_RUS_Tuva-59	35231_3#22.Treponema.ds2500000-reads	6389	6390	No	No	A	A	.	.	147	145	0.0	0.0
TPA_UKBIR032	31818_4#17.Treponema.ds1338575-reads	6389	6390	Yes	No	A	A	G	.	48	49	100.0	0.0
TPA_ALC076	31818_5#12.Treponema.ds1064598-reads	6389	6390	NA	NA	A	A	G	.	5	5		
TPA_UKBIR044	31822_1#23.Treponema.ds1918163-reads	6389	6390	Yes	No	A	A	G	.	62	64	100.0	0.0
TPA_BCC172	31818_6#21.Treponema.ds763249-reads	6389	6390	Yes	No	A	A	G	.	28	28	100.0	0.0
PHE170369A	27455_7#31.Treponema.ds2322856-reads	6389	6390	Yes	No	A	A	G	.	58	57	100.0	0.0
TPA_HUN190018	35190_3#10.Treponema.ds1236408-reads	6389	6390	Yes	No	A	A	G	.	46	47	100.0	0.0
SMUTp_04	SRR10041772.Treponema.ds2500000-reads	6389	6390	Yes	No	A	A	G	.	342	347	100.0	0.0
TPA_SWE-996	35231_3#26.Treponema.ds2500000-reads	6389	6390	Yes	No	A	A	G	.	83	82	100.0	0.0
TPA_UKBIR043	31822_2#9.Treponema.ds1924746-reads	6389	6390	Yes	No	A	A	G	.	44	45	100.0	0.0
PHE120014A	27455_7#1.Treponema.ds2500000-reads	6389	6390	No	No	A	A	.	.	47	47	0.0	0.0
DAL-1	NC_016844.1	6389	6390	No	No	A	A	.	.	93	93	0.0	0.0
UW254B	24141_6#2.Treponema.ds2500000-reads	6389	6390	No	No	A	A	G	G	1367	1363	0.0	99.24585218702866
TPA_HUN180001	35190_3#1.Treponema.ds1067218-reads	6389	6390	No	No	A	A	G	.	22	24	100.0	0.0
TPA_RUS_Tuva-67	35231_3#20.Treponema.ds1647329-reads	6389	6390	No	No	A	A	.	.	43	43	0.0	0.0
TPA_AUSBR-45	35190_3#19.Treponema.ds2500000-reads	6389	6390	Yes	No	A	A	G	.	119	116	100.0	0.0
Nichols_Houston_O	15169_6#60.Treponema.ds2500000-reads	6389	6390	No	No	A	A	G	.	953	955	0.0	0.0
TPA_UKBIR052	31818_4#18.Treponema.ds2500000-reads	6389	6390	Yes	No	A	A	G	G	230	232	100.0	0.0
PHE150158A	27455_8#12.Treponema.ds1814051-reads	6389	6390	Yes	No	A	A	G	.	54	54	100.0	0.0
TPA_UKBIR028	31822_1#22.Treponema.ds1597451-reads	6389	6390	No	No	A	A	G	.	54	54	0.0	0.0
TPA_SWE-2189	35231_3#28.Treponema.ds1878128-reads	6389	6390	No	No	A	A	G	.	55	54	100.0	0.0
TPA_SWE-467	35190_3#17.Treponema.ds2500000-reads	6389	6390	Yes	No	A	A	G	.	194	195	100.0	0.0
